{"cameraMode":{"drawMode":0,"name":"Shaded","section":"Shading Mode"},"sceneLighting":false,"audioPlay":false,"sceneViewState":{"showFog":true,"showMaterialUpdate":false,"showSkybox":false,"showFlares":true,"showImageEffects":true,"showParticleSystems":true},"in2DMode":false,"pivot":{"x":-0.6602752804756165,"y":-5.443480968475342,"z":-0.4118276536464691},"rotation":{"x":0.6403630971908569,"y":0.2914609909057617,"z":-0.2871224582195282,"w":0.6500426530838013},"size":8.73045539855957,"orthographic":true}