{"cameraMode":{"drawMode":0,"name":"Shaded","section":"Shading Mode"},"sceneLighting":false,"audioPlay":false,"sceneViewState":{"showFog":true,"showMaterialUpdate":false,"showSkybox":false,"showFlares":true,"showImageEffects":true,"showParticleSystems":true},"in2DMode":false,"pivot":{"x":-0.19394387304782868,"y":-0.05612683296203613,"z":-0.42240679264068606},"rotation":{"x":-0.05973516404628754,"y":0.8127375245094299,"z":-0.08467422425746918,"w":-0.5733562111854553},"size":0.41819292306900027,"orthographic":false}