{"cameraMode":{"drawMode":0,"name":"Shaded","section":"Shading Mode"},"sceneLighting":true,"audioPlay":false,"sceneViewState":{"showFog":true,"showMaterialUpdate":false,"showSkybox":true,"showFlares":true,"showImageEffects":true,"showParticleSystems":true},"in2DMode":false,"pivot":{"x":899.8985595703125,"y":585.8553466796875,"z":611.301513671875},"rotation":{"x":-0.027423851191997529,"y":-0.3059682250022888,"z":0.008815309032797814,"w":-0.9516091346740723},"size":2059.96337890625,"orthographic":false}