{"cameraMode":{"drawMode":0,"name":"Shaded","section":"Shading Mode"},"sceneLighting":false,"audioPlay":false,"sceneViewState":{"showFog":true,"showMaterialUpdate":false,"showSkybox":false,"showFlares":true,"showImageEffects":true,"showParticleSystems":true},"in2DMode":false,"pivot":{"x":1.3944557905197144,"y":9.731880187988282,"z":-0.5223628282546997},"rotation":{"x":0.7248767614364624,"y":-0.006199582014232874,"z":0.006524055730551481,"w":0.6888203620910645},"size":10.53563117980957,"orthographic":false}