{"cameraMode":{"drawMode":0,"name":"Shaded","section":"Shading Mode"},"sceneLighting":false,"audioPlay":false,"sceneViewState":{"showFog":true,"showMaterialUpdate":false,"showSkybox":false,"showFlares":true,"showImageEffects":true,"showParticleSystems":true},"in2DMode":false,"pivot":{"x":0.34154704213142397,"y":-0.03251659870147705,"z":-0.006570398807525635},"rotation":{"x":-0.24420636892318726,"y":0.1728692650794983,"z":-0.04429110884666443,"w":-0.9531700611114502},"size":0.42388051748275759,"orthographic":false}