{"cameraMode":{"drawMode":0,"name":"Shaded","section":"Shading Mode"},"sceneLighting":false,"audioPlay":false,"sceneViewState":{"showFog":true,"showMaterialUpdate":false,"showSkybox":false,"showFlares":true,"showImageEffects":true,"showParticleSystems":true},"in2DMode":false,"pivot":{"x":0.7206985950469971,"y":-1.0743017196655274,"z":1.5121941566467286},"rotation":{"x":-0.4623720347881317,"y":-0.1828961968421936,"z":0.09816573560237885,"w":-0.8620815873146057},"size":14.123315811157227,"orthographic":false}