{"cameraMode":{"drawMode":0,"name":"Shaded","section":"Shading Mode"},"sceneLighting":true,"audioPlay":false,"sceneViewState":{"showFog":true,"showMaterialUpdate":false,"showSkybox":true,"showFlares":true,"showImageEffects":true,"showParticleSystems":true},"in2DMode":false,"pivot":{"x":-1.6341729164123536,"y":-2.116807222366333,"z":4.474081993103027},"rotation":{"x":-0.14268521964550019,"y":0.18677614629268647,"z":-0.027426231652498246,"w":-0.9716182947158814},"size":7.3715715408325199,"orthographic":false}