{"cameraMode":{"drawMode":0,"name":"Shaded","section":"Shading Mode"},"sceneLighting":false,"audioPlay":false,"sceneViewState":{"showFog":true,"showMaterialUpdate":false,"showSkybox":false,"showFlares":true,"showImageEffects":true,"showParticleSystems":true},"in2DMode":false,"pivot":{"x":0.5896763801574707,"y":0.8719935417175293,"z":1.3700952529907227},"rotation":{"x":0.18590961396694184,"y":0.17001162469387055,"z":-0.0326785184442997,"w":0.9671991467475891},"size":10.963042259216309,"orthographic":false}