{"cameraMode":{"drawMode":0,"name":"Shaded","section":"Shading Mode"},"sceneLighting":false,"audioPlay":false,"sceneViewState":{"showFog":true,"showMaterialUpdate":false,"showSkybox":false,"showFlares":true,"showImageEffects":true,"showParticleSystems":true},"in2DMode":false,"pivot":{"x":0.848910391330719,"y":-0.026324136182665826,"z":0.1919245421886444},"rotation":{"x":-0.05727502703666687,"y":0.011393357068300248,"z":-0.0006565398070961237,"w":-0.9983014464378357},"size":0.6887459754943848,"orthographic":false}